943,Accumanst@gmail.com,Ижевск
908,Advismowr@mail.ru,Ижевск
962,Anachso@ukr.net,Краснодар
973,Antecia@inbox.ru,Пермь
976,Bigbytech@rambler.ru,Краснодар
955,Billionon@rambler.ru,Санкт-Петербург
978,Blueterva@ya.ru,Ижевск
939,Bootrasync@ukr.net,Ярославль
974,Borgueriac@ukr.net,Екатеринбург
932,BraceWalker@bk.ru,Красноярск
903,Bradleyerat@rambler.ru,Пермь
954,BullSpice@ukr.net,Санкт-Петербург
918,ByteTale@gmail.com,Воронеж
906,CapoGrand@rambler.ru,Арзангелтск
941,Cavotin@bk.ru,Красноярск
917,Chapterpl@yahoo.com,Москва
947,Chicapplin@gmail.com,Воронеж
919,Chikkaverle@icloud.com,Хабаровск
1000,Cincomphite@mail.ru,Тюмень
998,Decitere@mail.ru,Казань
949,DirtyChiri@ya.ru,Красноярск
946,Ever2free@inbox.ru,Санкт-Петербург
938,Exploator@ukr.net,Ярославль
934,EyesRae@inbox.ru,Арзангелтск
916,Fainvenu@icloud.com,Ярославль
989,FestiveAway@inbox.ru,Санкт-Петербург
935,Foreveracis@rambler.ru,Хабаровск
966,ForlifeLatest@yahoo.com,Ижевск
928,FraserBlue@mail.ru,Хабаровск
985,Freenson@inbox.ru,Краснодар
950,GlitzDas@yahoo.com,Санкт-Петербург
910,Gloxixir@ya.ru,Москва
977,Goriness@rambler.ru,Пермь
961,Granilabe@inbox.ru,Арзангелтск
967,Grundymeat@ya.ru,Краснодар
972,Haystenvi@yandex.ru,Санкт-Петербург
957,Hetstact@yandex.ru,Ярославль
993,Hostener@gmail.com,Краснодар
911,Infernody@ya.ru,Ярославль
931,Inserex@inbox.ru,Воронеж
980,Jectiolo@gmail.com,Арзангелтск
952,JimGlitz@ya.ru,Краснодар
990,Kalismed@bk.ru,Казань
912,Kenjinxte@rambler.ru,Воронеж
913,Kinkenbo@mail.ru,Воронеж
984,Kittysineos@rambler.ru,Санкт-Петербург
969,Knightstra@icloud.com,Красноярск
904,Kryptoburs@yahoo.com,Ярославль
953,Lassour@ukr.net,Краснодар
995,Latinarysa@rambler.ru,Ярославль
951,Lessomaire@rambler.ru,Ставрополь
900,Lipsxiptp@yahoo.com,Санкт-Петербург
930,Loqutio@yandex.ru,Арзангелтск
922,Lyfernozoi@inbox.ru,Хабаровск
982,Magazinetc@yahoo.com,Ставрополь
942,Mailitry@ya.ru,Москва
958,Manionoe@ukr.net,Ярославль
975,MediaLead@rambler.ru,Пермь
933,MoPoet@yahoo.com,Краснодар
987,Muchiple@yahoo.com,Москва
920,NumClear@bk.ru,Санкт-Петербург
964,NumTrendy@mail.ru,Ярославль
937,Paleoso@ukr.net,Арзангелтск
927,Paviatery@ukr.net,Казань
936,Peytzke@mail.ru,Казань
905,Pinkelysi@ya.ru,Москва
986,PleasantKeeper@ukr.net,Красноярск
915,PongCute@mail.ru,Арзангелтск
997,Prestigenp@inbox.ru,Ярославль
971,PricelessJuz@rambler.ru,Казань
909,Prinesbr@bk.ru,Хабаровск
963,RosesTight@gmail.com,Екатеринбург
948,Roycess@rambler.ru,Хабаровск
914,Sandpoist@gmail.com,Воронеж
968,Schwire@bk.ru,Екатеринбург
944,Seenomvura@yahoo.com,Екатеринбург
924,ShardDivision@icloud.com,Воронеж
925,Sianscot@yandex.ru,Тюмень
940,Somberyant@mail.ru,Пермь
988,SpyderSpin@bk.ru,Арзангелтск
999,Stacile@yahoo.com,Казань
981,Stargalux@gmail.com,Арзангелтск
923,Styledget@rambler.ru,Пермь
945,Sumollerno@inbox.ru,Тюмень
979,SupremeSynchro@rambler.ru,Хабаровск
994,Therick@yahoo.com,Екатеринбург
929,Topictition@rambler.ru,Ижевск
907,Transky@yandex.ru,Красноярск
996,Trantawe@yandex.ru,Краснодар
959,UpdatesCurious@yahoo.com,Тюмень
901,V2artierso@mail.ru,Арзангелтск
970,Vashoterlo@bk.ru,Воронеж
965,Visuareda@yahoo.com,Воронеж
921,Aavast@ya.ru,Ижевск
